Frame,Tiempo,Tipo,Etiqueta,Confianza,Area,Coordenadas
1,0:00,Objeto,car,0.77,1824,"(59, 260, 116, 292)"
1,0:00,Objeto,car,0.65,2736,"(559, 281, 631, 319)"
1,0:00,Objeto,car,0.64,2850,"(656, 416, 731, 454)"
1,0:00,Objeto,car,0.64,1595,"(96, 164, 151, 193)"
1,0:00,Objeto,truck,0.49,6656,"(462, 173, 566, 237)"
1,0:00,Objeto,car,0.43,391,"(633, 297, 656, 314)"
2,0:00,Objeto,car,0.77,2886,"(645, 412, 719, 451)"
2,0:00,Objeto,car,0.76,1824,"(49, 258, 106, 290)"
2,0:00,Objeto,car,0.65,1650,"(96, 164, 151, 194)"
2,0:00,Objeto,car,0.63,2736,"(559, 281, 631, 319)"
2,0:00,Objeto,car,0.49,408,"(632, 297, 656, 314)"
2,0:00,Objeto,truck,0.43,6695,"(463, 172, 566, 237)"
3,0:00,Objeto,car,0.79,1829,"(39, 257, 98, 288)"
3,0:00,Objeto,car,0.78,2886,"(633, 409, 707, 448)"
3,0:00,Objeto,car,0.63,1595,"(96, 164, 151, 193)"
3,0:00,Objeto,car,0.61,2812,"(559, 281, 633, 319)"
3,0:00,Objeto,car,0.47,408,"(632, 297, 656, 314)"
3,0:00,Objeto,truck,0.38,6552,"(462, 173, 566, 236)"
4,0:00,Objeto,car,0.84,2960,"(623, 407, 697, 447)"
4,0:00,Objeto,car,0.8,1856,"(31, 254, 89, 286)"
4,0:00,Objeto,car,0.62,2774,"(559, 281, 632, 319)"
4,0:00,Objeto,car,0.61,1680,"(96, 164, 152, 194)"
4,0:00,Objeto,car,0.46,368,"(632, 298, 655, 314)"
4,0:00,Objeto,truck,0.4,6552,"(462, 173, 566, 236)"
5,0:00,Objeto,car,0.87,2886,"(611, 404, 685, 443)"
5,0:00,Objeto,car,0.83,1856,"(22, 252, 80, 284)"
5,0:00,Objeto,car,0.68,2847,"(559, 280, 632, 319)"
5,0:00,Objeto,car,0.63,1595,"(96, 164, 151, 193)"
5,0:00,Objeto,car,0.4,352,"(632, 298, 654, 314)"
6,0:00,Objeto,car,0.8,2736,"(600, 401, 672, 439)"
6,0:00,Objeto,car,0.76,1829,"(13, 250, 72, 281)"
6,0:00,Objeto,car,0.66,1624,"(95, 164, 151, 193)"
6,0:00,Objeto,car,0.66,2774,"(559, 281, 632, 319)"
6,0:00,Objeto,truck,0.42,6552,"(462, 173, 566, 236)"
7,0:00,Objeto,car,0.84,2886,"(588, 398, 662, 437)"
7,0:00,Objeto,car,0.7,1848,"(6, 246, 62, 279)"
7,0:00,Objeto,car,0.7,1680,"(95, 164, 151, 194)"
7,0:00,Objeto,car,0.65,2698,"(560, 281, 631, 319)"
7,0:00,Objeto,truck,0.5,6656,"(462, 173, 566, 237)"
8,0:00,Objeto,car,0.82,2774,"(578, 395, 651, 433)"
8,0:00,Objeto,car,0.7,1767,"(95, 163, 152, 194)"
8,0:00,Objeto,car,0.68,2774,"(559, 281, 632, 319)"
8,0:00,Objeto,car,0.64,2052,"(0, 239, 54, 277)"
8,0:00,Objeto,truck,0.4,6760,"(462, 172, 566, 237)"
9,0:00,Objeto,car,0.87,2774,"(566, 393, 639, 431)"
9,0:00,Objeto,car,0.69,1710,"(95, 164, 152, 194)"
9,0:00,Objeto,car,0.66,1665,"(0, 238, 45, 275)"
9,0:00,Objeto,car,0.62,2736,"(559, 281, 631, 319)"
9,0:00,Objeto,truck,0.45,6760,"(462, 172, 566, 237)"
10,0:00,Objeto,car,0.77,2774,"(556, 390, 629, 428)"
10,0:00,Objeto,car,0.69,1710,"(95, 164, 152, 194)"
10,0:00,Objeto,car,0.63,2736,"(559, 281, 631, 319)"
10,0:00,Objeto,car,0.5,1260,"(0, 237, 36, 272)"
10,0:00,Objeto,truck,0.42,6760,"(462, 172, 566, 237)"
11,0:00,Objeto,car,0.82,2812,"(543, 387, 617, 425)"
11,0:00,Objeto,car,0.67,1798,"(94, 163, 152, 194)"
11,0:00,Objeto,car,0.67,2769,"(560, 280, 631, 319)"
11,0:00,Objeto,car,0.47,858,"(0, 237, 26, 270)"
11,0:00,Objeto,car,0.4,408,"(631, 297, 655, 314)"
12,0:00,Objeto,car,0.84,2660,"(535, 384, 605, 422)"
12,0:00,Objeto,car,0.7,1767,"(95, 163, 152, 194)"
12,0:00,Objeto,car,0.65,2769,"(560, 280, 631, 319)"
12,0:00,Objeto,car,0.43,368,"(631, 298, 654, 314)"
13,0:00,Objeto,car,0.83,2664,"(523, 382, 595, 419)"
13,0:00,Objeto,car,0.7,1710,"(95, 164, 152, 194)"
13,0:00,Objeto,car,0.67,2660,"(560, 281, 630, 319)"
13,0:00,Objeto,car,0.47,384,"(631, 298, 655, 314)"
14,0:00,Objeto,car,0.79,2808,"(512, 378, 584, 417)"
14,0:00,Objeto,car,0.7,1710,"(95, 164, 152, 194)"
14,0:00,Objeto,car,0.67,2660,"(560, 281, 630, 319)"
14,0:00,Objeto,car,0.47,345,"(631, 299, 654, 314)"
15,0:00,Objeto,car,0.81,2698,"(502, 374, 573, 412)"
15,0:00,Objeto,car,0.69,1710,"(95, 164, 152, 194)"
15,0:00,Objeto,car,0.66,2660,"(560, 281, 630, 319)"
15,0:00,Objeto,car,0.53,345,"(631, 299, 654, 314)"
16,0:00,Objeto,car,0.72,2664,"(492, 372, 564, 409)"
16,0:00,Objeto,car,0.71,1710,"(95, 164, 152, 194)"
16,0:00,Objeto,car,0.66,2660,"(560, 281, 630, 319)"
16,0:00,Objeto,car,0.51,345,"(631, 299, 654, 314)"
16,0:00,Objeto,car,0.41,1976,"(799, 348, 851, 386)"
17,0:00,Objeto,car,0.78,2664,"(480, 369, 552, 406)"
17,0:00,Objeto,car,0.66,1653,"(95, 165, 152, 194)"
17,0:00,Objeto,car,0.64,2736,"(559, 281, 631, 319)"
17,0:00,Objeto,car,0.52,345,"(631, 299, 654, 314)"
17,0:00,Objeto,car,0.36,2120,"(798, 346, 851, 386)"
18,0:00,Objeto,car,0.8,2698,"(470, 367, 541, 405)"
18,0:00,Objeto,car,0.7,1653,"(95, 165, 152, 194)"
18,0:00,Objeto,car,0.65,2698,"(560, 281, 631, 319)"
18,0:00,Objeto,car,0.48,345,"(631, 299, 654, 314)"
19,0:00,Objeto,car,0.8,2627,"(459, 365, 530, 402)"
19,0:00,Objeto,car,0.72,1624,"(95, 165, 151, 194)"
19,0:00,Objeto,car,0.66,2698,"(560, 281, 631, 319)"
19,0:00,Objeto,car,0.49,345,"(631, 299, 654, 314)"
20,0:00,Objeto,car,0.79,2484,"(449, 362, 518, 398)"
20,0:00,Objeto,car,0.71,1653,"(95, 165, 152, 194)"
20,0:00,Objeto,car,0.65,2736,"(559, 281, 631, 319)"
20,0:00,Objeto,car,0.47,345,"(631, 299, 654, 314)"
21,0:00,Objeto,car,0.82,2484,"(438, 360, 507, 396)"
21,0:00,Objeto,car,0.71,1653,"(95, 165, 152, 194)"
21,0:00,Objeto,car,0.67,2698,"(560, 281, 631, 319)"
21,0:00,Objeto,car,0.49,345,"(631, 299, 654, 314)"
21,0:00,Objeto,car,0.39,2400,"(0, 390, 48, 440)"
22,0:00,Objeto,car,0.78,2664,"(427, 356, 499, 393)"
22,0:00,Objeto,car,0.69,2736,"(559, 281, 631, 319)"
22,0:00,Objeto,car,0.69,1682,"(94, 165, 152, 194)"
22,0:00,Objeto,car,0.57,345,"(631, 299, 654, 314)"
22,0:00,Objeto,car,0.45,2773,"(0, 396, 59, 443)"
22,0:00,Objeto,car,0.37,2262,"(793, 344, 851, 383)"
23,0:00,Objeto,car,0.79,2553,"(418, 353, 487, 390)"
23,0:00,Objeto,car,0.68,1682,"(94, 165, 152, 194)"
23,0:00,Objeto,car,0.68,2736,"(559, 281, 631, 319)"
23,0:00,Objeto,car,0.61,322,"(631, 300, 654, 314)"
23,0:00,Objeto,car,0.59,3933,"(0, 389, 69, 446)"
23,0:00,Objeto,car,0.37,2400,"(791, 343, 851, 383)"
24,0:00,Objeto,car,0.7,2553,"(408, 351, 477, 388)"
24,0:00,Objeto,car,0.69,2736,"(559, 281, 631, 319)"
24,0:00,Objeto,car,0.64,1624,"(94, 166, 152, 194)"
24,0:00,Objeto,car,0.63,2560,"(602, 445, 682, 477)"
24,0:00,Objeto,car,0.56,350,"(630, 300, 655, 314)"
24,0:00,Objeto,car,0.42,2340,"(791, 343, 851, 382)"
24,0:00,Objeto,car,0.38,3053,"(8, 406, 79, 449)"
25,0:00,Objeto,car,0.78,2450,"(396, 349, 466, 384)"
25,0:00,Objeto,car,0.71,2652,"(587, 442, 665, 476)"
25,0:00,Objeto,car,0.67,2736,"(559, 281, 631, 319)"
25,0:00,Objeto,car,0.66,1682,"(94, 165, 152, 194)"
25,0:00,Objeto,car,0.61,350,"(630, 300, 655, 314)"
25,0:00,Objeto,car,0.59,2829,"(20, 410, 89, 451)"
25,0:00,Objeto,car,0.36,1911,"(802, 342, 851, 381)"
26,0:00,Objeto,car,0.81,2553,"(387, 345, 456, 382)"
26,0:00,Objeto,car,0.68,2736,"(559, 281, 631, 319)"
26,0:00,Objeto,car,0.66,1740,"(94, 164, 152, 194)"
26,0:00,Objeto,car,0.57,3003,"(573, 438, 650, 477)"
26,0:00,Objeto,car,0.55,3036,"(31, 411, 100, 455)"
26,0:00,Objeto,car,0.54,350,"(630, 300, 655, 314)"
27,0:00,Objeto,car,0.86,2553,"(377, 343, 446, 380)"
27,0:00,Objeto,car,0.68,2736,"(559, 281, 631, 319)"
27,0:00,Objeto,car,0.64,1710,"(95, 164, 152, 194)"
27,0:00,Objeto,car,0.62,3066,"(36, 415, 109, 457)"
27,0:00,Objeto,car,0.6,3080,"(558, 435, 635, 475)"
27,0:00,Objeto,car,0.54,364,"(630, 300, 656, 314)"
28,0:00,Objeto,car,0.8,2516,"(367, 340, 435, 377)"
28,0:00,Objeto,car,0.68,2774,"(558, 281, 631, 319)"
28,0:00,Objeto,car,0.63,1682,"(94, 165, 152, 194)"
28,0:00,Objeto,car,0.54,364,"(630, 300, 656, 314)"
28,0:00,Objeto,car,0.52,3139,"(46, 418, 119, 461)"
28,0:00,Objeto,car,0.5,3116,"(544, 431, 620, 472)"
28,0:00,Objeto,car,0.39,2795,"(786, 341, 851, 384)"
29,0:00,Objeto,car,0.83,2484,"(356, 338, 425, 374)"
29,0:00,Objeto,car,0.68,2774,"(558, 281, 631, 319)"
29,0:00,Objeto,car,0.63,1624,"(94, 166, 152, 194)"
29,0:00,Objeto,car,0.52,2940,"(59, 421, 129, 463)"
29,0:00,Objeto,car,0.48,350,"(630, 300, 655, 314)"
29,0:00,Objeto,car,0.36,3034,"(531, 427, 605, 468)"
29,0:00,Objeto,car,0.35,2838,"(785, 341, 851, 384)"
30,0:01,Objeto,car,0.83,2520,"(346, 335, 416, 371)"
30,0:01,Objeto,car,0.65,2774,"(558, 281, 631, 319)"
30,0:01,Objeto,car,0.64,3066,"(516, 423, 589, 465)"
30,0:01,Objeto,car,0.61,1682,"(94, 165, 152, 194)"
30,0:01,Objeto,car,0.51,350,"(630, 300, 655, 314)"
30,0:01,Objeto,car,0.44,3256,"(66, 423, 140, 467)"
31,0:01,Objeto,car,0.86,2553,"(336, 332, 405, 369)"
31,0:01,Objeto,car,0.65,1710,"(95, 164, 152, 194)"
31,0:01,Objeto,car,0.62,3116,"(500, 420, 576, 461)"
31,0:01,Objeto,car,0.62,2774,"(558, 281, 631, 319)"
31,0:01,Objeto,car,0.48,378,"(629, 300, 656, 314)"
32,0:01,Objeto,car,0.77,2412,"(327, 330, 394, 366)"
32,0:01,Objeto,car,0.65,1740,"(94, 164, 152, 194)"
32,0:01,Objeto,car,0.61,2774,"(558, 281, 631, 319)"
32,0:01,Objeto,car,0.48,378,"(629, 300, 656, 314)"
32,0:01,Objeto,car,0.45,3150,"(487, 415, 562, 457)"
33,0:01,Objeto,car,0.8,2345,"(317, 328, 384, 363)"
33,0:01,Objeto,car,0.64,1682,"(94, 165, 152, 194)"
33,0:01,Objeto,car,0.61,2774,"(558, 281, 631, 319)"
33,0:01,Objeto,car,0.57,2993,"(473, 411, 546, 452)"
33,0:01,Objeto,car,0.44,378,"(629, 300, 656, 314)"
33,0:01,Objeto,car,0.43,2856,"(102, 433, 170, 475)"
33,0:01,Objeto,car,0.36,2624,"(786, 340, 850, 381)"
34,0:01,Objeto,car,0.77,2448,"(308, 324, 376, 360)"
34,0:01,Objeto,car,0.64,1682,"(94, 165, 152, 194)"
34,0:01,Objeto,car,0.6,2736,"(559, 281, 631, 319)"
34,0:01,Objeto,car,0.4,378,"(629, 300, 656, 314)"
34,0:01,Objeto,car,0.4,2666,"(788, 339, 850, 382)"
35,0:01,Objeto,car,0.85,2340,"(297, 321, 362, 357)"
35,0:01,Objeto,car,0.64,1653,"(95, 165, 152, 194)"
35,0:01,Objeto,car,0.58,2736,"(559, 281, 631, 319)"
35,0:01,Objeto,car,0.36,351,"(629, 301, 656, 314)"
36,0:01,Objeto,car,0.67,1624,"(96, 165, 152, 194)"
36,0:01,Objeto,car,0.61,2376,"(286, 319, 352, 355)"
36,0:01,Objeto,car,0.53,2736,"(559, 281, 631, 319)"
37,0:01,Objeto,car,0.73,2310,"(276, 318, 342, 353)"
37,0:01,Objeto,car,0.67,1710,"(95, 164, 152, 194)"
37,0:01,Objeto,car,0.51,2774,"(558, 281, 631, 319)"
38,0:01,Objeto,car,0.81,2345,"(266, 315, 333, 350)"
38,0:01,Objeto,car,0.71,1624,"(95, 165, 151, 194)"
38,0:01,Objeto,car,0.56,2736,"(558, 281, 630, 319)"
38,0:01,Objeto,car,0.48,2993,"(403, 394, 476, 435)"
39,0:01,Objeto,car,0.79,2240,"(258, 312, 322, 347)"
39,0:01,Objeto,car,0.74,2769,"(391, 391, 462, 430)"
39,0:01,Objeto,car,0.71,1736,"(95, 164, 151, 195)"
39,0:01,Objeto,car,0.53,2774,"(557, 281, 630, 319)"
40,0:01,Objeto,car,0.81,2376,"(248, 309, 314, 345)"
40,0:01,Objeto,car,0.7,1680,"(95, 165, 151, 195)"
40,0:01,Objeto,car,0.62,2847,"(376, 388, 449, 427)"
40,0:01,Objeto,car,0.53,2774,"(557, 281, 630, 319)"
41,0:01,Objeto,car,0.76,2412,"(238, 307, 305, 343)"
41,0:01,Objeto,car,0.7,1680,"(95, 165, 151, 195)"
41,0:01,Objeto,car,0.66,2840,"(364, 384, 435, 424)"
41,0:01,Objeto,car,0.49,2736,"(558, 281, 630, 319)"
42,0:01,Objeto,car,0.8,2345,"(228, 305, 295, 340)"
42,0:01,Objeto,car,0.71,1680,"(95, 165, 151, 195)"
42,0:01,Objeto,car,0.61,2769,"(350, 381, 421, 420)"
42,0:01,Objeto,car,0.55,2736,"(558, 281, 630, 319)"
42,0:01,Objeto,car,0.36,338,"(629, 300, 655, 313)"
43,0:01,Objeto,car,0.82,2240,"(219, 302, 283, 337)"
43,0:01,Objeto,car,0.72,1680,"(95, 165, 151, 195)"
43,0:01,Objeto,car,0.72,2880,"(336, 377, 408, 417)"
43,0:01,Objeto,car,0.52,2774,"(557, 281, 630, 319)"
43,0:01,Objeto,car,0.45,3555,"(772, 409, 851, 454)"
43,0:01,Objeto,car,0.44,378,"(629, 300, 656, 314)"
44,0:01,Objeto,car,0.83,2244,"(209, 300, 275, 334)"
44,0:01,Objeto,car,0.71,1650,"(96, 165, 151, 195)"
44,0:01,Objeto,car,0.63,2730,"(324, 373, 394, 412)"
44,0:01,Objeto,car,0.55,2774,"(557, 281, 630, 319)"
44,0:01,Objeto,car,0.49,4002,"(762, 406, 849, 452)"
44,0:01,Objeto,car,0.45,378,"(629, 300, 656, 314)"
45,0:01,Objeto,car,0.77,2275,"(201, 297, 266, 332)"
45,0:01,Objeto,car,0.69,1620,"(97, 165, 151, 195)"
45,0:01,Objeto,car,0.59,2808,"(309, 370, 381, 409)"
45,0:01,Objeto,car,0.55,2774,"(557, 281, 630, 319)"
45,0:01,Objeto,car,0.47,390,"(630, 299, 656, 314)"
45,0:01,Objeto,car,0.45,3645,"(756, 404, 837, 449)"
46,0:01,Objeto,car,0.88,2210,"(191, 296, 256, 330)"
46,0:01,Objeto,car,0.71,1620,"(97, 165, 151, 195)"
46,0:01,Objeto,car,0.55,2736,"(558, 281, 630, 319)"
46,0:01,Objeto,car,0.54,3910,"(743, 400, 828, 446)"
46,0:01,Objeto,car,0.47,378,"(629, 300, 656, 314)"
46,0:01,Objeto,car,0.45,2808,"(296, 366, 368, 405)"
47,0:01,Objeto,car,0.85,2244,"(181, 293, 247, 327)"
47,0:01,Objeto,car,0.72,1620,"(97, 165, 151, 195)"
47,0:01,Objeto,car,0.6,2736,"(558, 281, 630, 319)"
47,0:01,Objeto,car,0.56,3780,"(733, 398, 817, 443)"
47,0:01,Objeto,car,0.52,2920,"(284, 362, 357, 402)"
47,0:01,Objeto,car,0.44,338,"(630, 300, 656, 313)"
48,0:01,Objeto,car,0.81,2268,"(173, 289, 236, 325)"
48,0:01,Objeto,car,0.69,1650,"(96, 165, 151, 195)"
48,0:01,Objeto,car,0.6,2774,"(558, 281, 631, 319)"
48,0:01,Objeto,car,0.55,2829,"(271, 357, 340, 398)"
48,0:01,Objeto,car,0.43,378,"(630, 300, 657, 314)"
48,0:01,Objeto,car,0.4,3780,"(723, 396, 807, 441)"
49,0:01,Objeto,car,0.74,2240,"(163, 287, 227, 322)"
49,0:01,Objeto,car,0.69,1650,"(96, 165, 151, 195)"
49,0:01,Objeto,car,0.58,2812,"(557, 281, 631, 319)"
49,0:01,Objeto,car,0.57,2800,"(257, 355, 327, 395)"
49,0:01,Objeto,car,0.54,3910,"(711, 394, 796, 440)"
49,0:01,Objeto,car,0.44,405,"(629, 299, 656, 314)"
50,0:01,Objeto,car,0.72,2205,"(155, 285, 218, 320)"
50,0:01,Objeto,car,0.69,1620,"(96, 165, 150, 195)"
50,0:01,Objeto,car,0.6,2698,"(244, 353, 315, 391)"
50,0:01,Objeto,car,0.6,2812,"(557, 281, 631, 319)"
50,0:01,Objeto,car,0.48,405,"(629, 299, 656, 314)"
50,0:01,Objeto,car,0.39,3696,"(703, 390, 787, 434)"
51,0:01,Objeto,car,0.78,2244,"(144, 283, 210, 317)"
51,0:01,Objeto,car,0.68,1620,"(96, 165, 150, 195)"
51,0:01,Objeto,car,0.62,2774,"(558, 281, 631, 319)"
51,0:01,Objeto,car,0.56,3652,"(693, 388, 776, 432)"
51,0:01,Objeto,car,0.54,2553,"(232, 350, 301, 387)"
51,0:01,Objeto,car,0.49,420,"(629, 299, 657, 314)"
52,0:01,Objeto,car,0.81,2176,"(136, 280, 200, 314)"
52,0:01,Objeto,car,0.74,2622,"(220, 346, 289, 384)"
52,0:01,Objeto,car,0.7,1650,"(95, 165, 150, 195)"
52,0:01,Objeto,car,0.58,2812,"(557, 281, 631, 319)"
52,0:01,Objeto,car,0.39,3741,"(681, 386, 768, 429)"
52,0:01,Objeto,car,0.39,420,"(629, 299, 657, 314)"
53,0:01,Objeto,car,0.78,2176,"(127, 278, 191, 312)"
53,0:01,Objeto,car,0.66,1650,"(95, 165, 150, 195)"
53,0:01,Objeto,car,0.66,2660,"(206, 343, 276, 381)"
53,0:01,Objeto,car,0.57,2812,"(557, 281, 631, 319)"
53,0:01,Objeto,car,0.51,3612,"(672, 384, 756, 427)"
53,0:01,Objeto,car,0.39,392,"(629, 300, 657, 314)"
53,0:01,Objeto,car,0.38,1995,"(349, 188, 406, 223)"
54,0:01,Objeto,car,0.77,2048,"(116, 277, 180, 309)"
54,0:01,Objeto,car,0.66,3655,"(660, 381, 745, 424)"
54,0:01,Objeto,car,0.64,1736,"(95, 165, 151, 196)"
54,0:01,Objeto,car,0.58,2553,"(194, 340, 263, 377)"
54,0:01,Objeto,car,0.56,2925,"(556, 281, 631, 320)"
54,0:01,Objeto,car,0.43,1938,"(349, 189, 406, 223)"
54,0:01,Objeto,car,0.41,392,"(629, 300, 657, 314)"
55,0:01,Objeto,car,0.84,2210,"(107, 274, 172, 308)"
55,0:01,Objeto,car,0.71,2769,"(180, 336, 251, 375)"
55,0:01,Objeto,car,0.7,1736,"(95, 165, 151, 196)"
55,0:01,Objeto,car,0.56,2886,"(557, 281, 631, 320)"
55,0:01,Objeto,car,0.51,3652,"(651, 378, 734, 422)"
55,0:01,Objeto,car,0.41,2006,"(347, 189, 406, 223)"
55,0:01,Objeto,car,0.37,406,"(628, 300, 657, 314)"
56,0:01,Objeto,car,0.83,2112,"(98, 272, 162, 305)"
56,0:01,Objeto,car,0.76,2622,"(169, 333, 238, 371)"
56,0:01,Objeto,car,0.69,1736,"(95, 165, 151, 196)"
56,0:01,Objeto,car,0.58,3696,"(640, 375, 724, 419)"
56,0:01,Objeto,car,0.55,2886,"(557, 281, 631, 320)"
56,0:01,Objeto,car,0.38,406,"(628, 300, 657, 314)"
57,0:01,Objeto,car,0.77,2013,"(89, 269, 150, 302)"
57,0:01,Objeto,car,0.74,2412,"(157, 330, 224, 366)"
57,0:01,Objeto,car,0.71,1736,"(94, 165, 150, 196)"
57,0:01,Objeto,car,0.5,2808,"(558, 281, 630, 320)"
58,0:01,Objeto,car,0.82,2412,"(145, 327, 212, 363)"
58,0:01,Objeto,car,0.74,2079,"(79, 267, 142, 300)"
58,0:01,Objeto,car,0.72,1736,"(94, 165, 150, 196)"
58,0:01,Objeto,car,0.56,2886,"(557, 281, 631, 320)"
58,0:01,Objeto,car,0.54,3528,"(621, 371, 705, 413)"
58,0:01,Objeto,truck,0.4,6864,"(461, 172, 565, 238)"
59,0:01,Objeto,car,0.83,2584,"(132, 323, 200, 361)"
59,0:01,Objeto,car,0.8,2112,"(70, 265, 134, 298)"
59,0:01,Objeto,car,0.73,1736,"(94, 165, 150, 196)"
59,0:01,Objeto,car,0.55,3612,"(612, 369, 696, 412)"
59,0:01,Objeto,car,0.54,2847,"(557, 281, 630, 320)"
59,0:01,Objeto,truck,0.46,6630,"(461, 172, 563, 237)"
59,0:01,Objeto,car,0.39,2100,"(623, 453, 707, 478)"
60,0:02,Objeto,car,0.85,2145,"(61, 263, 126, 296)"
60,0:02,Objeto,car,0.73,1736,"(94, 165, 150, 196)"
60,0:02,Objeto,car,0.71,2516,"(120, 320, 188, 357)"
60,0:02,Objeto,car,0.68,3403,"(604, 367, 687, 408)"
60,0:02,Objeto,car,0.53,2847,"(557, 281, 630, 320)"
60,0:02,Objeto,car,0.47,2460,"(611, 448, 693, 478)"
60,0:02,Objeto,truck,0.44,6630,"(461, 172, 563, 237)"
61,0:02,Objeto,car,0.84,2142,"(53, 259, 116, 293)"
61,0:02,Objeto,car,0.74,2553,"(107, 318, 176, 355)"
61,0:02,Objeto,car,0.7,3321,"(596, 364, 677, 405)"
61,0:02,Objeto,car,0.64,1767,"(93, 165, 150, 196)"
61,0:02,Objeto,car,0.62,2772,"(597, 445, 681, 478)"
61,0:02,Objeto,car,0.6,2847,"(557, 281, 630, 320)"
61,0:02,Objeto,car,0.37,435,"(627, 300, 656, 315)"
61,0:02,Objeto,truck,0.36,6528,"(461, 173, 563, 237)"
62,0:02,Objeto,car,0.86,2079,"(44, 258, 107, 291)"
62,0:02,Objeto,car,0.81,2730,"(95, 312, 165, 351)"
62,0:02,Objeto,car,0.8,3444,"(581, 362, 665, 403)"
62,0:02,Objeto,car,0.8,2835,"(585, 442, 666, 477)"
62,0:02,Objeto,car,0.68,1736,"(94, 165, 150, 196)"
62,0:02,Objeto,car,0.61,2847,"(556, 281, 629, 320)"
62,0:02,Objeto,car,0.42,435,"(627, 300, 656, 315)"
63,0:02,Objeto,car,0.82,2079,"(34, 256, 97, 289)"
63,0:02,Objeto,car,0.81,2405,"(84, 310, 149, 347)"
63,0:02,Objeto,car,0.8,3569,"(573, 359, 656, 402)"
63,0:02,Objeto,car,0.7,1736,"(94, 165, 150, 196)"
63,0:02,Objeto,car,0.6,3198,"(573, 439, 655, 478)"
63,0:02,Objeto,car,0.56,2808,"(557, 281, 629, 320)"
63,0:02,Objeto,car,0.4,450,"(626, 300, 656, 315)"
64,0:02,Objeto,car,0.86,2112,"(25, 254, 89, 287)"
64,0:02,Objeto,car,0.77,3280,"(559, 435, 639, 476)"
64,0:02,Objeto,car,0.7,2412,"(71, 308, 138, 344)"
64,0:02,Objeto,car,0.7,1767,"(93, 165, 150, 196)"
64,0:02,Objeto,car,0.65,3402,"(565, 357, 646, 399)"
64,0:02,Objeto,car,0.55,2808,"(557, 281, 629, 320)"
64,0:02,Objeto,car,0.37,450,"(626, 300, 656, 315)"
65,0:02,Objeto,car,0.86,2112,"(16, 252, 80, 285)"
65,0:02,Objeto,car,0.78,2448,"(58, 305, 126, 341)"
65,0:02,Objeto,car,0.7,3440,"(546, 431, 626, 474)"
65,0:02,Objeto,car,0.68,1767,"(93, 165, 150, 196)"
65,0:02,Objeto,car,0.67,3526,"(556, 353, 638, 396)"
65,0:02,Objeto,car,0.48,2847,"(556, 281, 629, 320)"
65,0:02,Fuego,fire,0.2,532,"(488, 407, 526, 421)"
66,0:02,Objeto,car,0.81,2442,"(47, 301, 113, 338)"
66,0:02,Objeto,car,0.81,2046,"(8, 249, 70, 282)"
66,0:02,Objeto,car,0.66,1767,"(93, 165, 150, 196)"
66,0:02,Objeto,car,0.64,3360,"(534, 428, 614, 470)"
66,0:02,Objeto,car,0.62,3200,"(548, 353, 628, 393)"
66,0:02,Objeto,car,0.59,2847,"(556, 281, 629, 320)"
66,0:02,Objeto,car,0.37,450,"(626, 300, 656, 315)"
67,0:02,Objeto,car,0.78,2376,"(36, 299, 102, 335)"
67,0:02,Objeto,car,0.75,3440,"(521, 424, 601, 467)"
67,0:02,Objeto,car,0.71,2074,"(1, 246, 62, 280)"
67,0:02,Objeto,car,0.67,1736,"(94, 165, 150, 196)"
67,0:02,Objeto,car,0.51,2847,"(556, 281, 629, 320)"
67,0:02,Objeto,car,0.44,3402,"(538, 349, 619, 391)"
67,0:02,Objeto,truck,0.38,2646,"(344, 182, 407, 224)"
68,0:02,Objeto,car,0.81,2345,"(23, 297, 90, 332)"
68,0:02,Objeto,car,0.75,3318,"(508, 422, 587, 464)"
68,0:02,Objeto,car,0.7,1820,"(0, 242, 52, 277)"
68,0:02,Objeto,car,0.65,1767,"(93, 165, 150, 196)"
68,0:02,Objeto,car,0.54,2847,"(556, 281, 629, 320)"
68,0:02,Objeto,car,0.47,3280,"(529, 347, 609, 388)"
68,0:02,Objeto,truck,0.42,2772,"(344, 181, 407, 225)"
69,0:02,Objeto,car,0.82,3476,"(495, 417, 574, 461)"
69,0:02,Objeto,car,0.82,2380,"(10, 293, 78, 328)"
69,0:02,Objeto,car,0.75,1462,"(0, 242, 43, 276)"
69,0:02,Objeto,car,0.64,1736,"(93, 165, 149, 196)"
69,0:02,Objeto,car,0.6,3321,"(519, 345, 600, 386)"
69,0:02,Objeto,car,0.47,2886,"(555, 281, 629, 320)"
69,0:02,Objeto,truck,0.42,2835,"(343, 179, 406, 224)"
70,0:02,Objeto,car,0.81,3432,"(483, 414, 561, 458)"
70,0:02,Objeto,car,0.71,1088,"(0, 241, 34, 273)"
70,0:02,Objeto,car,0.7,2405,"(1, 289, 66, 326)"
70,0:02,Objeto,car,0.66,1767,"(93, 165, 150, 196)"
70,0:02,Objeto,car,0.53,2925,"(554, 281, 629, 320)"
70,0:02,Objeto,car,0.49,3397,"(511, 342, 590, 385)"
70,0:02,Objeto,car,0.41,448,"(627, 299, 655, 315)"
70,0:02,Objeto,truck,0.35,2709,"(343, 181, 406, 224)"
71,0:02,Objeto,car,0.71,3318,"(470, 411, 549, 453)"
71,0:02,Objeto,car,0.7,1855,"(0, 287, 53, 322)"
71,0:02,Objeto,car,0.68,1736,"(93, 165, 149, 196)"
71,0:02,Objeto,car,0.63,3483,"(500, 340, 581, 383)"
71,0:02,Objeto,car,0.57,2886,"(555, 281, 629, 320)"
71,0:02,Objeto,car,0.53,792,"(0, 239, 24, 272)"
72,0:02,Objeto,car,0.74,3120,"(458, 409, 536, 449)"
72,0:02,Objeto,car,0.72,3360,"(492, 338, 572, 380)"
72,0:02,Objeto,car,0.71,1767,"(92, 165, 149, 196)"
72,0:02,Objeto,car,0.67,1470,"(0, 284, 42, 319)"
72,0:02,Objeto,car,0.52,2886,"(555, 281, 629, 320)"
72,0:02,Objeto,truck,0.37,2480,"(344, 184, 406, 224)"
73,0:02,Objeto,car,0.72,1767,"(92, 165, 149, 196)"
73,0:02,Objeto,car,0.65,3318,"(483, 335, 562, 377)"
73,0:02,Objeto,car,0.65,1054,"(0, 282, 31, 316)"
73,0:02,Objeto,car,0.63,3192,"(446, 405, 522, 447)"
73,0:02,Objeto,car,0.53,2886,"(555, 281, 629, 320)"
73,0:02,Objeto,truck,0.38,6464,"(461, 174, 562, 238)"
73,0:02,Objeto,truck,0.37,2646,"(343, 183, 406, 225)"
74,0:02,Objeto,car,0.79,3360,"(474, 333, 554, 375)"
74,0:02,Objeto,car,0.7,1736,"(92, 165, 148, 196)"
74,0:02,Objeto,car,0.67,3157,"(433, 402, 510, 443)"
74,0:02,Objeto,car,0.57,2925,"(554, 281, 629, 320)"
74,0:02,Objeto,truck,0.42,2646,"(343, 182, 406, 224)"
74,0:02,Objeto,car,0.37,448,"(627, 299, 655, 315)"
75,0:02,Objeto,car,0.73,1736,"(92, 165, 148, 196)"
75,0:02,Objeto,car,0.72,3276,"(419, 398, 497, 440)"
75,0:02,Objeto,car,0.63,3198,"(466, 331, 544, 372)"
75,0:02,Objeto,car,0.58,2886,"(555, 281, 629, 320)"
75,0:02,Objeto,truck,0.44,2772,"(343, 180, 406, 224)"
75,0:02,Objeto,car,0.42,448,"(627, 299, 655, 315)"
76,0:02,Objeto,car,0.75,3234,"(408, 395, 485, 437)"
76,0:02,Objeto,car,0.73,1736,"(92, 165, 148, 196)"
76,0:02,Objeto,car,0.56,3239,"(456, 328, 535, 369)"
76,0:02,Objeto,car,0.53,2886,"(555, 281, 629, 320)"
76,0:02,Objeto,truck,0.37,2772,"(343, 180, 406, 224)"
77,0:02,Objeto,car,0.78,3198,"(395, 392, 473, 433)"
77,0:02,Objeto,car,0.71,1736,"(92, 165, 148, 196)"
77,0:02,Objeto,car,0.69,3318,"(447, 326, 526, 368)"
77,0:02,Objeto,car,0.59,2847,"(555, 281, 628, 320)"
77,0:02,Objeto,car,0.39,405,"(627, 299, 654, 314)"
78,0:02,Objeto,car,0.71,1705,"(93, 165, 148, 196)"
78,0:02,Objeto,car,0.65,3000,"(384, 389, 459, 429)"
78,0:02,Objeto,car,0.61,3003,"(439, 325, 516, 364)"
78,0:02,Objeto,car,0.56,2847,"(556, 281, 629, 320)"
79,0:02,Objeto,car,0.77,3116,"(371, 386, 447, 427)"
79,0:02,Objeto,car,0.73,1736,"(92, 165, 148, 196)"
79,0:02,Objeto,car,0.68,3276,"(430, 321, 508, 363)"
79,0:02,Objeto,car,0.59,2769,"(557, 281, 628, 320)"
79,0:02,Objeto,car,0.41,405,"(627, 300, 654, 315)"
80,0:02,Objeto,car,0.73,3040,"(359, 383, 435, 423)"
80,0:02,Objeto,car,0.71,1736,"(92, 165, 148, 196)"
80,0:02,Objeto,car,0.63,3080,"(421, 320, 498, 360)"
80,0:02,Objeto,car,0.6,2769,"(557, 281, 628, 320)"
80,0:02,Objeto,car,0.4,364,"(627, 300, 653, 314)"
80,0:02,Objeto,truck,0.36,2898,"(343, 178, 406, 224)"
81,0:02,Objeto,car,0.77,3075,"(347, 379, 422, 420)"
81,0:02,Objeto,car,0.74,3120,"(413, 318, 491, 358)"
81,0:02,Objeto,car,0.71,1736,"(92, 165, 148, 196)"
81,0:02,Objeto,car,0.55,2769,"(557, 281, 628, 320)"
81,0:02,Objeto,truck,0.41,3150,"(343, 174, 406, 224)"
82,0:02,Objeto,car,0.83,3311,"(334, 375, 411, 418)"
82,0:02,Objeto,car,0.69,1736,"(92, 165, 148, 196)"
82,0:02,Objeto,car,0.67,3157,"(404, 316, 481, 357)"
82,0:02,Objeto,car,0.56,2769,"(557, 281, 628, 320)"
83,0:02,Objeto,car,0.84,3034,"(324, 372, 398, 413)"
83,0:02,Objeto,car,0.73,3198,"(394, 313, 472, 354)"
83,0:02,Objeto,car,0.69,1736,"(92, 165, 148, 196)"
83,0:02,Objeto,car,0.56,2774,"(555, 282, 628, 320)"
84,0:02,Objeto,car,0.81,3157,"(386, 310, 463, 351)"
84,0:02,Objeto,car,0.74,2993,"(311, 369, 384, 410)"
84,0:02,Objeto,car,0.7,1767,"(91, 165, 148, 196)"
84,0:02,Objeto,car,0.59,2774,"(555, 282, 628, 320)"
85,0:02,Objeto,car,0.79,3040,"(378, 309, 454, 349)"
85,0:02,Objeto,car,0.76,2925,"(299, 367, 374, 406)"
85,0:02,Objeto,car,0.65,1767,"(91, 165, 148, 196)"
85,0:02,Objeto,car,0.63,2738,"(553, 282, 627, 319)"
85,0:02,Objeto,car,0.38,1421,"(0, 392, 29, 441)"
86,0:02,Objeto,car,0.75,3075,"(286, 362, 361, 403)"
86,0:02,Objeto,car,0.66,1736,"(91, 165, 147, 196)"
86,0:02,Objeto,car,0.61,2888,"(551, 282, 627, 320)"
86,0:02,Objeto,car,0.57,3075,"(370, 306, 445, 347)"
87,0:02,Objeto,car,0.68,1736,"(91, 165, 147, 196)"
87,0:02,Objeto,car,0.64,3116,"(275, 359, 351, 400)"
87,0:02,Objeto,car,0.61,2775,"(551, 282, 626, 319)"
87,0:02,Objeto,car,0.6,2726,"(0, 388, 47, 446)"
87,0:02,Objeto,car,0.58,3000,"(362, 304, 437, 344)"
88,0:02,Objeto,car,0.75,3000,"(263, 357, 338, 397)"
88,0:02,Objeto,car,0.74,3003,"(353, 303, 430, 342)"
88,0:02,Objeto,car,0.69,1736,"(91, 165, 147, 196)"
88,0:02,Objeto,car,0.62,2850,"(551, 281, 626, 319)"
88,0:02,Objeto,car,0.57,3416,"(0, 388, 56, 449)"
89,0:02,Objeto,car,0.85,3040,"(250, 354, 326, 394)"
89,0:02,Objeto,car,0.69,1650,"(91, 166, 146, 196)"
89,0:02,Objeto,car,0.66,4224,"(0, 388, 66, 452)"
89,0:02,Objeto,car,0.66,2886,"(344, 301, 418, 340)"
89,0:02,Objeto,car,0.61,2888,"(550, 281, 626, 319)"
89,0:02,Objeto,car,0.36,392,"(623, 301, 651, 315)"
90,0:03,Objeto,car,0.78,2774,"(240, 351, 313, 389)"
90,0:03,Objeto,car,0.75,3000,"(335, 298, 410, 338)"
90,0:03,Objeto,car,0.66,1650,"(91, 166, 146, 196)"
90,0:03,Objeto,car,0.63,4864,"(0, 390, 76, 454)"
90,0:03,Objeto,car,0.59,2888,"(550, 281, 626, 319)"
90,0:03,Objeto,car,0.35,392,"(623, 301, 651, 315)"
91,0:03,Objeto,car,0.74,3040,"(326, 296, 402, 336)"
91,0:03,Objeto,car,0.72,2920,"(228, 347, 301, 387)"
91,0:03,Objeto,car,0.65,1620,"(92, 166, 146, 196)"
91,0:03,Objeto,car,0.64,5676,"(0, 393, 86, 459)"
91,0:03,Objeto,car,0.54,2850,"(550, 281, 625, 319)"
92,0:03,Objeto,car,0.77,2808,"(217, 345, 289, 384)"
92,0:03,Objeto,car,0.76,3150,"(319, 293, 394, 335)"
92,0:03,Objeto,car,0.64,1620,"(92, 166, 146, 196)"
92,0:03,Objeto,car,0.51,6138,"(3, 395, 96, 461)"
92,0:03,Objeto,car,0.48,2850,"(550, 281, 625, 319)"
93,0:03,Objeto,car,0.85,2847,"(205, 342, 278, 381)"
93,0:03,Objeto,car,0.75,3192,"(309, 291, 385, 333)"
93,0:03,Objeto,car,0.62,1650,"(91, 166, 146, 196)"
93,0:03,Objeto,car,0.5,6016,"(11, 400, 105, 464)"
93,0:03,Objeto,car,0.5,2850,"(550, 281, 625, 319)"
94,0:03,Objeto,car,0.79,3034,"(302, 289, 376, 330)"
94,0:03,Objeto,car,0.78,2736,"(194, 339, 266, 377)"
94,0:03,Objeto,car,0.62,1650,"(91, 166, 146, 196)"
94,0:03,Objeto,car,0.48,2812,"(550, 281, 624, 319)"
94,0:03,Objeto,car,0.41,5828,"(21, 403, 115, 465)"
95,0:03,Objeto,car,0.82,2808,"(182, 336, 254, 375)"
95,0:03,Objeto,car,0.74,2886,"(294, 288, 368, 327)"
95,0:03,Objeto,car,0.63,1620,"(92, 166, 146, 196)"
95,0:03,Objeto,car,0.53,5785,"(36, 404, 125, 469)"
95,0:03,Objeto,car,0.52,2925,"(549, 281, 624, 320)"
96,0:03,Objeto,car,0.82,2808,"(171, 333, 243, 372)"
96,0:03,Objeto,car,0.72,3116,"(286, 285, 362, 326)"
96,0:03,Objeto,car,0.64,1620,"(91, 166, 145, 196)"
96,0:03,Objeto,car,0.53,2925,"(548, 281, 623, 320)"
96,0:03,Objeto,car,0.49,5696,"(46, 407, 135, 471)"
97,0:03,Objeto,car,0.83,2808,"(159, 330, 231, 369)"
97,0:03,Objeto,car,0.74,2886,"(278, 284, 352, 323)"
97,0:03,Objeto,car,0.61,1680,"(90, 168, 146, 198)"
97,0:03,Objeto,car,0.49,2886,"(549, 281, 623, 320)"
97,0:03,Objeto,car,0.44,5733,"(54, 410, 145, 473)"
97,0:03,Objeto,truck,0.38,6834,"(456, 171, 558, 238)"
98,0:03,Objeto,car,0.8,3003,"(268, 282, 345, 321)"
98,0:03,Objeto,car,0.77,2769,"(148, 327, 219, 366)"
98,0:03,Objeto,car,0.62,1680,"(89, 167, 145, 197)"
98,0:03,Objeto,truck,0.49,6732,"(456, 172, 558, 238)"
98,0:03,Objeto,car,0.49,2886,"(549, 281, 623, 320)"
98,0:03,Objeto,car,0.42,5696,"(66, 413, 155, 477)"
99,0:03,Objeto,car,0.78,2736,"(137, 325, 209, 363)"
99,0:03,Objeto,car,0.78,2812,"(261, 281, 335, 319)"
99,0:03,Objeto,car,0.6,1650,"(90, 167, 145, 197)"
99,0:03,Objeto,car,0.48,2847,"(550, 281, 623, 320)"
99,0:03,Objeto,truck,0.4,6732,"(456, 172, 558, 238)"
100,0:03,Objeto,car,0.81,2769,"(126, 321, 197, 360)"
100,0:03,Objeto,car,0.77,2847,"(253, 278, 326, 317)"
100,0:03,Objeto,car,0.63,1620,"(90, 167, 144, 197)"
100,0:03,Objeto,car,0.45,2847,"(550, 281, 623, 320)"
100,0:03,Objeto,truck,0.36,6732,"(455, 172, 557, 238)"
101,0:03,Objeto,car,0.83,2664,"(114, 319, 186, 356)"
101,0:03,Objeto,car,0.8,2925,"(244, 277, 319, 316)"
101,0:03,Objeto,car,0.67,1620,"(89, 167, 143, 197)"
101,0:03,Objeto,car,0.43,2847,"(550, 281, 623, 320)"
101,0:03,Objeto,truck,0.37,6732,"(455, 172, 557, 238)"
102,0:03,Objeto,car,0.8,2769,"(104, 316, 175, 355)"
102,0:03,Objeto,car,0.77,2774,"(237, 274, 310, 312)"
102,0:03,Objeto,car,0.67,1674,"(89, 166, 143, 197)"
102,0:03,Objeto,car,0.43,2808,"(551, 281, 623, 320)"
102,0:03,Objeto,truck,0.36,6666,"(455, 172, 556, 238)"
103,0:03,Objeto,car,0.82,2769,"(93, 313, 164, 352)"
103,0:03,Objeto,car,0.81,2847,"(229, 272, 302, 311)"
103,0:03,Objeto,car,0.63,1620,"(89, 167, 143, 197)"
103,0:03,Objeto,car,0.47,2774,"(550, 281, 623, 319)"
103,0:03,Objeto,truck,0.38,6666,"(455, 172, 556, 238)"
104,0:03,Objeto,car,0.84,2774,"(221, 271, 294, 309)"
104,0:03,Objeto,car,0.78,2850,"(81, 310, 156, 348)"
104,0:03,Objeto,car,0.58,1620,"(89, 167, 143, 197)"
104,0:03,Objeto,car,0.48,2774,"(550, 281, 623, 319)"
104,0:03,Objeto,truck,0.38,6732,"(454, 172, 556, 238)"
105,0:03,Objeto,car,0.77,2627,"(70, 308, 141, 345)"
105,0:03,Objeto,car,0.76,2925,"(214, 268, 289, 307)"
105,0:03,Objeto,car,0.63,1620,"(89, 167, 143, 197)"
105,0:03,Objeto,car,0.43,2774,"(550, 281, 623, 319)"
105,0:03,Objeto,truck,0.36,6798,"(454, 172, 557, 238)"
106,0:03,Objeto,car,0.82,2698,"(59, 304, 130, 342)"
106,0:03,Objeto,car,0.75,2701,"(206, 268, 279, 305)"
106,0:03,Objeto,car,0.64,1620,"(89, 167, 143, 197)"
106,0:03,Objeto,truck,0.4,6901,"(454, 171, 557, 238)"
106,0:03,Objeto,car,0.4,2774,"(550, 281, 623, 319)"
107,0:03,Objeto,car,0.84,2590,"(49, 303, 119, 340)"
107,0:03,Objeto,car,0.83,2886,"(198, 264, 272, 303)"
107,0:03,Objeto,car,0.65,1595,"(88, 168, 143, 197)"
107,0:03,Objeto,car,0.39,2774,"(550, 281, 623, 319)"
107,0:03,Objeto,truck,0.39,6901,"(453, 171, 556, 238)"
108,0:03,Objeto,car,0.85,2627,"(37, 300, 108, 337)"
108,0:03,Objeto,car,0.77,2769,"(192, 262, 263, 301)"
108,0:03,Objeto,car,0.68,1512,"(89, 168, 143, 196)"
108,0:03,Objeto,truck,0.44,6901,"(453, 171, 556, 238)"
108,0:03,Objeto,car,0.41,2736,"(551, 281, 623, 319)"
109,0:03,Objeto,car,0.83,2627,"(27, 297, 98, 334)"
109,0:03,Objeto,car,0.78,2701,"(183, 262, 256, 299)"
109,0:03,Objeto,car,0.67,1540,"(89, 168, 144, 196)"
109,0:03,Objeto,truck,0.49,6901,"(453, 171, 556, 238)"
109,0:03,Objeto,car,0.4,2774,"(550, 281, 623, 319)"
110,0:03,Objeto,car,0.85,2590,"(16, 295, 86, 332)"
110,0:03,Objeto,car,0.81,2701,"(175, 260, 248, 297)"
110,0:03,Objeto,car,0.69,1595,"(89, 167, 144, 196)"
110,0:03,Objeto,car,0.47,2812,"(549, 281, 623, 319)"
110,0:03,Objeto,truck,0.36,6901,"(453, 171, 556, 238)"
111,0:03,Objeto,car,0.87,2627,"(6, 292, 77, 329)"
111,0:03,Objeto,car,0.83,2812,"(167, 257, 241, 295)"
111,0:03,Objeto,car,0.7,1540,"(88, 168, 143, 196)"
111,0:03,Objeto,car,0.48,2812,"(549, 281, 623, 319)"
111,0:03,Objeto,truck,0.41,6968,"(452, 171, 556, 238)"
112,0:03,Objeto,car,0.84,2368,"(1, 289, 65, 326)"
112,0:03,Objeto,car,0.79,2738,"(160, 256, 234, 293)"
112,0:03,Objeto,car,0.7,1595,"(88, 167, 143, 196)"
112,0:03,Objeto,car,0.46,2812,"(549, 281, 623, 319)"
112,0:03,Objeto,truck,0.43,6968,"(452, 171, 556, 238)"
113,0:03,Objeto,car,0.81,2925,"(152, 253, 227, 292)"
113,0:03,Objeto,car,0.69,1540,"(88, 168, 143, 196)"
113,0:03,Objeto,car,0.67,1890,"(0, 287, 54, 322)"
113,0:03,Objeto,car,0.43,2812,"(549, 281, 623, 319)"
113,0:03,Objeto,truck,0.42,6968,"(452, 171, 556, 238)"
114,0:03,Objeto,car,0.87,2627,"(146, 253, 217, 290)"
114,0:03,Objeto,car,0.74,1540,"(88, 168, 143, 196)"
114,0:03,Objeto,car,0.72,1584,"(0, 284, 44, 320)"
114,0:03,Objeto,car,0.48,2850,"(548, 281, 623, 319)"
114,0:03,Objeto,truck,0.45,6968,"(452, 171, 556, 238)"
114,0:03,Objeto,car,0.38,2294,"(337, 187, 399, 224)"
115,0:03,Objeto,car,0.79,2698,"(138, 250, 209, 288)"
115,0:03,Objeto,car,0.74,1540,"(88, 168, 143, 196)"
115,0:03,Objeto,car,0.59,1224,"(0, 282, 34, 318)"
115,0:03,Objeto,car,0.5,2850,"(548, 281, 623, 319)"
115,0:03,Objeto,car,0.37,2294,"(337, 187, 399, 224)"
115,0:03,Objeto,truck,0.37,7140,"(452, 170, 557, 238)"
115,0:03,Objeto,truck,0.35,2379,"(337, 185, 398, 224)"
116,0:03,Objeto,car,0.8,2812,"(130, 248, 204, 286)"
116,0:03,Objeto,car,0.67,1595,"(88, 168, 143, 197)"
116,0:03,Objeto,car,0.52,2850,"(548, 281, 623, 319)"
116,0:03,Objeto,car,0.45,782,"(0, 281, 23, 315)"
116,0:03,Objeto,truck,0.43,7208,"(452, 170, 558, 238)"
117,0:03,Objeto,car,0.73,2774,"(123, 247, 196, 285)"
117,0:03,Objeto,car,0.71,1624,"(87, 168, 143, 197)"
117,0:03,Objeto,car,0.55,2812,"(548, 281, 622, 319)"
117,0:03,Objeto,truck,0.4,7140,"(452, 170, 557, 238)"
118,0:03,Objeto,car,0.74,2812,"(116, 244, 190, 282)"
118,0:03,Objeto,car,0.73,1624,"(87, 168, 143, 197)"
118,0:03,Objeto,car,0.58,2736,"(549, 281, 621, 319)"
119,0:03,Objeto,car,0.8,2664,"(109, 243, 181, 280)"
119,0:03,Objeto,car,0.73,1624,"(87, 168, 143, 197)"
119,0:03,Objeto,car,0.59,2736,"(549, 281, 621, 319)"
120,0:04,Objeto,car,0.83,2590,"(102, 241, 172, 278)"
120,0:04,Objeto,car,0.72,1624,"(87, 168, 143, 197)"
120,0:04,Objeto,car,0.59,2736,"(549, 281, 621, 319)"
121,0:04,Objeto,car,0.8,2592,"(95, 240, 167, 276)"
121,0:04,Objeto,car,0.71,1653,"(86, 168, 143, 197)"
121,0:04,Objeto,car,0.61,2736,"(549, 281, 621, 319)"
121,0:04,Objeto,truck,0.36,7035,"(453, 171, 558, 238)"
122,0:04,Objeto,car,0.78,2556,"(89, 238, 160, 274)"
122,0:04,Objeto,car,0.7,1653,"(86, 168, 143, 197)"
122,0:04,Objeto,car,0.61,2736,"(549, 281, 621, 319)"
122,0:04,Objeto,truck,0.36,6930,"(453, 172, 558, 238)"
123,0:04,Objeto,car,0.81,2701,"(80, 236, 153, 273)"
123,0:04,Objeto,car,0.69,1682,"(85, 168, 143, 197)"
123,0:04,Objeto,car,0.64,2698,"(550, 281, 621, 319)"
123,0:04,Objeto,truck,0.41,6996,"(453, 172, 559, 238)"
124,0:04,Objeto,car,0.78,2628,"(72, 235, 145, 271)"
124,0:04,Objeto,car,0.69,1596,"(86, 169, 143, 197)"
124,0:04,Objeto,car,0.62,2736,"(549, 281, 621, 319)"
124,0:04,Objeto,truck,0.37,6996,"(453, 172, 559, 238)"
125,0:04,Objeto,car,0.8,2738,"(65, 233, 139, 270)"
125,0:04,Objeto,car,0.66,1653,"(86, 168, 143, 197)"
125,0:04,Objeto,car,0.56,2736,"(549, 281, 621, 319)"
125,0:04,Objeto,truck,0.4,6996,"(453, 172, 559, 238)"
126,0:04,Objeto,car,0.87,2627,"(59, 231, 130, 268)"
126,0:04,Objeto,car,0.65,1653,"(86, 168, 143, 197)"
126,0:04,Objeto,car,0.62,2698,"(550, 281, 621, 319)"
126,0:04,Objeto,truck,0.42,6930,"(453, 172, 558, 238)"
127,0:04,Objeto,car,0.86,2627,"(52, 229, 123, 266)"
127,0:04,Objeto,car,0.65,2736,"(549, 281, 621, 319)"
127,0:04,Objeto,car,0.65,1710,"(86, 168, 143, 198)"
127,0:04,Objeto,truck,0.43,6864,"(453, 172, 557, 238)"
127,0:04,Objeto,car,0.4,384,"(622, 299, 646, 315)"
128,0:04,Objeto,car,0.81,2592,"(46, 228, 118, 264)"
128,0:04,Objeto,car,0.65,1740,"(86, 168, 144, 198)"
128,0:04,Objeto,car,0.62,2698,"(550, 281, 621, 319)"
128,0:04,Objeto,truck,0.39,6732,"(454, 172, 556, 238)"
128,0:04,Objeto,car,0.36,352,"(622, 299, 644, 315)"
129,0:04,Objeto,car,0.86,2736,"(39, 225, 111, 263)"
129,0:04,Objeto,car,0.64,1767,"(87, 167, 144, 198)"
129,0:04,Objeto,car,0.62,2808,"(549, 281, 621, 320)"
130,0:04,Objeto,car,0.77,2592,"(32, 224, 104, 260)"
130,0:04,Objeto,car,0.65,1740,"(86, 168, 144, 198)"
130,0:04,Objeto,car,0.65,2808,"(550, 281, 622, 320)"
130,0:04,Objeto,truck,0.38,6864,"(454, 172, 558, 238)"
131,0:04,Objeto,car,0.83,2627,"(25, 222, 96, 259)"
131,0:04,Objeto,car,0.64,1829,"(86, 168, 145, 199)"
131,0:04,Objeto,car,0.62,2847,"(549, 281, 622, 320)"
131,0:04,Objeto,truck,0.39,6695,"(454, 173, 557, 238)"
132,0:04,Objeto,car,0.86,2484,"(20, 221, 89, 257)"
132,0:04,Objeto,car,0.63,1798,"(87, 168, 145, 199)"
132,0:04,Objeto,car,0.61,2808,"(550, 281, 622, 320)"
132,0:04,Objeto,truck,0.44,6825,"(454, 173, 559, 238)"
133,0:04,Objeto,car,0.83,2485,"(12, 220, 83, 255)"
133,0:04,Objeto,car,0.62,1856,"(87, 168, 145, 200)"
133,0:04,Objeto,car,0.59,2886,"(549, 281, 623, 320)"
133,0:04,Objeto,truck,0.42,6760,"(455, 173, 559, 238)"
134,0:04,Objeto,car,0.82,2592,"(4, 217, 76, 253)"
134,0:04,Objeto,car,0.62,1856,"(87, 168, 145, 200)"
134,0:04,Objeto,car,0.55,2886,"(549, 281, 623, 320)"
134,0:04,Objeto,truck,0.42,6760,"(455, 173, 559, 238)"
135,0:04,Objeto,car,0.72,2660,"(0, 215, 70, 253)"
135,0:04,Objeto,car,0.63,1829,"(87, 168, 146, 199)"
135,0:04,Objeto,car,0.54,2925,"(548, 281, 623, 320)"
135,0:04,Objeto,truck,0.36,6695,"(456, 173, 559, 238)"
136,0:04,Objeto,car,0.73,2268,"(0, 213, 63, 249)"
136,0:04,Objeto,car,0.66,1829,"(87, 168, 146, 199)"
136,0:04,Objeto,car,0.53,2886,"(549, 281, 623, 320)"
137,0:04,Objeto,car,0.67,2088,"(0, 212, 58, 248)"
137,0:04,Objeto,car,0.65,1829,"(87, 168, 146, 199)"
137,0:04,Objeto,car,0.54,2850,"(549, 282, 624, 320)"
138,0:04,Objeto,car,0.72,1764,"(0, 210, 49, 246)"
138,0:04,Objeto,car,0.63,1829,"(87, 168, 146, 199)"
138,0:04,Objeto,car,0.58,2738,"(549, 282, 623, 319)"
139,0:04,Objeto,car,0.74,1505,"(0, 209, 43, 244)"
139,0:04,Objeto,car,0.67,1829,"(87, 168, 146, 199)"
139,0:04,Objeto,car,0.61,2775,"(549, 282, 624, 319)"
140,0:04,Objeto,car,0.69,1740,"(88, 168, 146, 198)"
140,0:04,Objeto,car,0.63,2812,"(550, 281, 624, 319)"
140,0:04,Objeto,car,0.6,1332,"(0, 207, 37, 243)"
141,0:04,Objeto,car,0.71,1740,"(88, 168, 146, 198)"
141,0:04,Objeto,car,0.63,2847,"(551, 281, 624, 320)"
141,0:04,Objeto,car,0.46,1085,"(0, 207, 31, 242)"
142,0:04,Objeto,car,0.68,1740,"(88, 168, 146, 198)"
142,0:04,Objeto,car,0.6,2774,"(551, 282, 624, 320)"
142,0:04,Objeto,car,0.43,816,"(0, 206, 24, 240)"
143,0:04,Objeto,car,0.69,1740,"(88, 168, 146, 198)"
143,0:04,Objeto,car,0.61,2812,"(551, 282, 625, 320)"
143,0:04,Objeto,car,0.38,2538,"(617, 451, 711, 478)"
144,0:04,Objeto,car,0.73,1829,"(88, 167, 147, 198)"
144,0:04,Objeto,car,0.62,2850,"(551, 282, 626, 320)"
144,0:04,Objeto,car,0.36,2820,"(606, 447, 700, 477)"
145,0:04,Objeto,car,0.68,1740,"(89, 167, 147, 197)"
145,0:04,Objeto,car,0.65,2812,"(552, 282, 626, 320)"
145,0:04,Objeto,car,0.37,3128,"(594, 444, 686, 478)"
146,0:04,Objeto,car,0.69,1710,"(90, 167, 147, 197)"
146,0:04,Objeto,car,0.63,2812,"(552, 282, 626, 320)"
146,0:04,Objeto,car,0.49,3384,"(582, 441, 676, 477)"
146,0:04,Objeto,truck,0.39,6798,"(459, 173, 562, 239)"
147,0:04,Objeto,car,0.68,1710,"(90, 167, 147, 197)"
147,0:04,Objeto,car,0.61,2812,"(553, 282, 627, 320)"
147,0:04,Objeto,car,0.56,3441,"(570, 439, 663, 476)"
147,0:04,Objeto,truck,0.35,6798,"(459, 173, 562, 239)"
148,0:04,Objeto,car,0.63,1798,"(90, 166, 148, 197)"
148,0:04,Objeto,car,0.57,2738,"(553, 283, 627, 320)"
148,0:04,Objeto,truck,0.37,6732,"(459, 173, 561, 239)"
149,0:04,Objeto,car,0.65,1767,"(91, 167, 148, 198)"
149,0:04,Objeto,car,0.58,2701,"(554, 283, 627, 320)"
150,0:05,Objeto,car,0.67,1767,"(91, 166, 148, 197)"
150,0:05,Objeto,car,0.62,2701,"(554, 283, 627, 320)"
150,0:05,Objeto,car,0.45,4048,"(537, 430, 625, 476)"
150,0:05,Fuego,fire,0.24,420,"(490, 409, 520, 423)"
151,0:05,Objeto,car,0.69,1710,"(91, 167, 148, 197)"
151,0:05,Objeto,car,0.62,2701,"(554, 283, 627, 320)"
151,0:05,Objeto,car,0.54,4410,"(523, 426, 613, 475)"
152,0:05,Objeto,car,0.7,1710,"(91, 167, 148, 197)"
152,0:05,Objeto,car,0.68,2701,"(555, 283, 628, 320)"
152,0:05,Objeto,car,0.58,4277,"(511, 423, 602, 470)"
153,0:05,Objeto,car,0.7,1710,"(92, 167, 149, 197)"
153,0:05,Objeto,car,0.63,2738,"(554, 283, 628, 320)"
153,0:05,Objeto,car,0.56,4700,"(496, 418, 590, 468)"
154,0:05,Objeto,car,0.68,1798,"(91, 166, 149, 197)"
154,0:05,Objeto,car,0.64,2812,"(554, 283, 628, 321)"
154,0:05,Objeto,car,0.54,4743,"(486, 415, 579, 466)"
155,0:05,Objeto,car,0.66,1798,"(91, 166, 149, 197)"
155,0:05,Objeto,car,0.64,2812,"(554, 283, 628, 321)"
155,0:05,Objeto,car,0.6,4214,"(479, 413, 565, 462)"
156,0:05,Objeto,car,0.63,1798,"(91, 166, 149, 197)"
156,0:05,Objeto,car,0.62,2738,"(554, 283, 628, 320)"
156,0:05,Objeto,car,0.51,4272,"(468, 411, 557, 459)"
157,0:05,Objeto,car,0.65,1798,"(91, 166, 149, 197)"
157,0:05,Objeto,car,0.65,2738,"(554, 283, 628, 320)"
157,0:05,Objeto,car,0.46,4002,"(454, 409, 541, 455)"
157,0:05,Objeto,truck,0.36,2560,"(341, 186, 405, 226)"
158,0:05,Objeto,car,0.69,1829,"(90, 166, 149, 197)"
158,0:05,Objeto,car,0.68,2738,"(554, 283, 628, 320)"
158,0:05,Objeto,car,0.66,4080,"(444, 405, 529, 453)"
159,0:05,Objeto,car,0.81,3792,"(438, 401, 517, 449)"
159,0:05,Objeto,car,0.77,1798,"(91, 167, 149, 198)"
159,0:05,Objeto,car,0.67,2738,"(554, 283, 628, 320)"
159,0:05,Objeto,car,0.39,1650,"(708, 334, 763, 364)"
160,0:05,Objeto,car,0.77,1798,"(91, 167, 149, 198)"
160,0:05,Objeto,car,0.76,4032,"(422, 398, 506, 446)"
160,0:05,Objeto,car,0.68,2700,"(553, 284, 628, 320)"
160,0:05,Objeto,car,0.47,1624,"(706, 334, 762, 363)"
161,0:05,Objeto,car,0.77,1767,"(92, 167, 149, 198)"
161,0:05,Objeto,car,0.68,2775,"(553, 283, 628, 320)"
161,0:05,Objeto,car,0.65,4224,"(406, 395, 494, 443)"
161,0:05,Objeto,car,0.42,1595,"(705, 334, 760, 363)"
162,0:05,Objeto,car,0.77,1710,"(92, 167, 149, 197)"
162,0:05,Objeto,car,0.67,2850,"(553, 283, 628, 321)"
162,0:05,Objeto,car,0.47,4320,"(395, 392, 485, 440)"
162,0:05,Objeto,truck,0.4,2480,"(344, 186, 406, 226)"
163,0:05,Objeto,car,0.73,1710,"(92, 167, 149, 197)"
163,0:05,Objeto,car,0.7,2850,"(553, 283, 628, 321)"
163,0:05,Objeto,car,0.56,4080,"(387, 389, 472, 437)"
163,0:05,Objeto,truck,0.37,2356,"(344, 188, 406, 226)"
164,0:05,Objeto,car,0.74,1710,"(92, 167, 149, 197)"
164,0:05,Objeto,car,0.7,2812,"(553, 283, 627, 321)"
164,0:05,Objeto,car,0.63,4080,"(376, 386, 461, 434)"
164,0:05,Objeto,truck,0.41,2318,"(344, 188, 405, 226)"
164,0:05,Objeto,car,0.39,1740,"(700, 334, 758, 364)"
165,0:05,Objeto,car,0.76,4089,"(362, 383, 449, 430)"
165,0:05,Objeto,car,0.74,1798,"(92, 167, 150, 198)"
165,0:05,Objeto,car,0.68,2850,"(553, 283, 628, 321)"
165,0:05,Objeto,truck,0.43,2135,"(344, 191, 405, 226)"
166,0:05,Objeto,car,0.74,1767,"(92, 167, 149, 198)"
166,0:05,Objeto,car,0.66,2888,"(552, 283, 628, 321)"
166,0:05,Objeto,car,0.49,4042,"(351, 380, 437, 427)"
166,0:05,Objeto,truck,0.37,2304,"(341, 190, 405, 226)"
167,0:05,Objeto,car,0.75,1767,"(92, 167, 149, 198)"
167,0:05,Objeto,car,0.65,2888,"(552, 283, 628, 321)"
167,0:05,Objeto,car,0.65,3818,"(342, 378, 425, 424)"
167,0:05,Objeto,truck,0.38,2442,"(339, 190, 405, 227)"
168,0:05,Objeto,car,0.74,1767,"(92, 167, 149, 198)"
168,0:05,Objeto,car,0.65,2812,"(553, 283, 627, 321)"
168,0:05,Objeto,car,0.58,4042,"(330, 374, 416, 421)"
168,0:05,Objeto,car,0.4,1568,"(697, 335, 753, 363)"
168,0:05,Fuego,fire,0.21,338,"(290, 356, 316, 369)"
169,0:05,Objeto,car,0.74,1824,"(92, 166, 149, 198)"
169,0:05,Objeto,car,0.67,2850,"(552, 283, 627, 321)"
169,0:05,Objeto,car,0.61,4128,"(318, 371, 404, 419)"
169,0:05,Objeto,car,0.41,1624,"(696, 334, 752, 363)"
170,0:05,Objeto,car,0.75,1824,"(92, 166, 149, 198)"
170,0:05,Objeto,car,0.67,2850,"(552, 283, 627, 321)"
170,0:05,Objeto,car,0.42,1568,"(695, 334, 751, 362)"
170,0:05,Objeto,car,0.36,3680,"(312, 368, 392, 414)"
170,0:05,Objeto,truck,0.36,2412,"(338, 190, 405, 226)"
171,0:05,Objeto,car,0.77,1824,"(92, 166, 149, 198)"
171,0:05,Objeto,car,0.67,2888,"(552, 283, 628, 321)"
171,0:05,Objeto,car,0.52,4272,"(292, 364, 381, 412)"
171,0:05,Objeto,car,0.41,1512,"(695, 334, 749, 362)"
172,0:05,Objeto,car,0.78,1824,"(92, 166, 149, 198)"
172,0:05,Objeto,car,0.7,3910,"(284, 362, 369, 408)"
172,0:05,Objeto,car,0.68,2888,"(552, 283, 628, 321)"
172,0:05,Objeto,car,0.44,1485,"(693, 335, 748, 362)"
172,0:05,Objeto,truck,0.38,2340,"(341, 190, 406, 226)"
173,0:05,Objeto,car,0.78,3807,"(278, 358, 359, 405)"
173,0:05,Objeto,car,0.77,1740,"(92, 167, 150, 197)"
173,0:05,Objeto,car,0.68,2926,"(551, 283, 628, 321)"
173,0:05,Objeto,truck,0.41,2310,"(340, 191, 406, 226)"
173,0:05,Objeto,car,0.37,2176,"(341, 191, 405, 225)"
173,0:05,Objeto,car,0.36,1485,"(692, 335, 747, 362)"
174,0:05,Objeto,car,0.78,1888,"(91, 166, 150, 198)"
174,0:05,Objeto,car,0.72,3870,"(263, 357, 349, 402)"
174,0:05,Objeto,car,0.65,2926,"(551, 283, 628, 321)"
174,0:05,Objeto,car,0.42,1624,"(689, 334, 747, 362)"
175,0:05,Objeto,car,0.8,1888,"(91, 166, 150, 198)"
175,0:05,Objeto,car,0.75,3825,"(251, 354, 336, 399)"
175,0:05,Objeto,car,0.65,2926,"(552, 283, 629, 321)"
176,0:05,Objeto,car,0.8,1888,"(91, 166, 150, 198)"
176,0:05,Objeto,car,0.74,3735,"(242, 351, 325, 396)"
176,0:05,Objeto,car,0.64,2964,"(551, 283, 629, 321)"
176,0:05,Objeto,truck,0.4,6363,"(461, 175, 562, 238)"
176,0:05,Objeto,truck,0.36,2613,"(339, 187, 406, 226)"
177,0:05,Objeto,car,0.8,1888,"(91, 166, 150, 198)"
177,0:05,Objeto,car,0.76,3680,"(235, 347, 315, 393)"
177,0:05,Objeto,car,0.64,3003,"(552, 282, 629, 321)"
177,0:05,Objeto,truck,0.41,6363,"(461, 175, 562, 238)"
178,0:05,Objeto,car,0.75,1888,"(91, 166, 150, 198)"
178,0:05,Objeto,car,0.75,3735,"(220, 345, 303, 390)"
178,0:05,Objeto,car,0.65,2926,"(552, 283, 629, 321)"
178,0:05,Objeto,truck,0.38,6200,"(461, 176, 561, 238)"
179,0:05,Objeto,car,0.77,1947,"(91, 166, 150, 199)"
179,0:05,Objeto,car,0.73,3696,"(209, 343, 293, 387)"
179,0:05,Objeto,car,0.64,3040,"(553, 282, 629, 322)"
179,0:05,Objeto,car,0.38,1260,"(816, 421, 851, 457)"
180,0:06,Objeto,car,0.78,1980,"(91, 166, 151, 199)"
180,0:06,Objeto,car,0.78,3564,"(202, 340, 283, 384)"
180,0:06,Objeto,car,0.63,3080,"(552, 282, 629, 322)"
180,0:06,Objeto,truck,0.38,6363,"(461, 176, 562, 239)"
181,0:06,Objeto,car,0.79,1980,"(91, 166, 151, 199)"
181,0:06,Objeto,car,0.78,3608,"(189, 337, 271, 381)"
181,0:06,Objeto,car,0.64,3042,"(551, 283, 629, 322)"
181,0:06,Objeto,truck,0.5,6464,"(461, 175, 562, 239)"
181,0:06,Objeto,car,0.39,1995,"(348, 190, 405, 225)"
182,0:06,Objeto,car,0.79,1947,"(92, 166, 151, 199)"
182,0:06,Objeto,car,0.73,3690,"(179, 333, 261, 378)"
182,0:06,Objeto,car,0.62,3120,"(552, 282, 630, 322)"
182,0:06,Objeto,truck,0.49,6464,"(461, 175, 562, 239)"
182,0:06,Objeto,car,0.43,2142,"(342, 191, 405, 225)"
183,0:06,Objeto,car,0.76,1947,"(92, 166, 151, 199)"
183,0:06,Objeto,car,0.62,2964,"(552, 283, 630, 321)"
183,0:06,Objeto,car,0.57,3690,"(169, 331, 251, 376)"
183,0:06,Objeto,truck,0.55,6464,"(461, 175, 562, 239)"
183,0:06,Objeto,car,0.54,1944,"(0, 383, 36, 437)"
184,0:06,Objeto,car,0.76,1947,"(92, 166, 151, 199)"
184,0:06,Objeto,car,0.73,3600,"(160, 327, 240, 372)"
184,0:06,Objeto,car,0.71,3050,"(0, 380, 50, 441)"
184,0:06,Objeto,car,0.63,2926,"(553, 283, 630, 321)"
184,0:06,Objeto,truck,0.47,6464,"(461, 175, 562, 239)"
185,0:06,Objeto,car,0.74,1914,"(93, 166, 151, 199)"
185,0:06,Objeto,car,0.65,2926,"(553, 283, 630, 321)"
185,0:06,Objeto,car,0.62,3690,"(148, 325, 230, 370)"
185,0:06,Objeto,car,0.53,1972,"(348, 191, 406, 225)"
185,0:06,Objeto,car,0.51,4030,"(0, 381, 62, 446)"
185,0:06,Objeto,truck,0.45,6363,"(461, 175, 562, 238)"
186,0:06,Objeto,car,0.75,5159,"(0, 382, 77, 449)"
186,0:06,Objeto,car,0.74,1914,"(93, 166, 151, 199)"
186,0:06,Objeto,car,0.73,3476,"(141, 323, 220, 367)"
186,0:06,Objeto,car,0.63,3042,"(552, 283, 630, 322)"
186,0:06,Objeto,car,0.5,2142,"(344, 191, 407, 225)"
186,0:06,Objeto,truck,0.5,6464,"(461, 175, 562, 239)"
186,0:06,Objeto,car,0.42,2993,"(745, 403, 818, 444)"
187,0:06,Objeto,car,0.76,1824,"(94, 166, 151, 198)"
187,0:06,Objeto,car,0.73,3402,"(128, 321, 209, 363)"
187,0:06,Objeto,car,0.68,6256,"(0, 384, 92, 452)"
187,0:06,Objeto,car,0.64,3042,"(552, 283, 630, 322)"
187,0:06,Objeto,car,0.51,2108,"(345, 191, 407, 225)"
187,0:06,Objeto,truck,0.45,6464,"(461, 175, 562, 239)"
188,0:06,Objeto,car,0.77,3564,"(118, 317, 199, 361)"
188,0:06,Objeto,car,0.75,1792,"(95, 166, 151, 198)"
188,0:06,Objeto,car,0.64,3120,"(551, 283, 631, 322)"
188,0:06,Objeto,car,0.6,2142,"(344, 191, 407, 225)"
188,0:06,Objeto,car,0.52,6624,"(9, 388, 105, 457)"
188,0:06,Objeto,truck,0.46,6363,"(461, 175, 562, 238)"
189,0:06,Objeto,car,0.78,3483,"(108, 315, 189, 358)"
189,0:06,Objeto,car,0.76,1792,"(95, 166, 151, 198)"
189,0:06,Objeto,car,0.66,3120,"(551, 283, 631, 322)"
189,0:06,Objeto,car,0.66,6279,"(27, 392, 118, 461)"
189,0:06,Objeto,car,0.55,2006,"(349, 191, 408, 225)"
189,0:06,Objeto,car,0.54,806,"(0, 446, 26, 477)"
189,0:06,Objeto,truck,0.38,6363,"(461, 175, 562, 238)"
189,0:06,Objeto,truck,0.37,2065,"(348, 191, 407, 226)"
190,0:06,Objeto,car,0.75,1824,"(95, 166, 152, 198)"
190,0:06,Objeto,car,0.68,3690,"(98, 311, 180, 356)"
190,0:06,Objeto,car,0.64,3159,"(551, 283, 632, 322)"
190,0:06,Objeto,car,0.47,1972,"(350, 191, 408, 225)"
190,0:06,Objeto,car,0.47,5984,"(45, 396, 133, 464)"
190,0:06,Objeto,truck,0.43,6262,"(461, 176, 562, 238)"
190,0:06,Objeto,truck,0.39,2030,"(349, 191, 407, 226)"
191,0:06,Objeto,car,0.71,1767,"(95, 167, 152, 198)"
191,0:06,Objeto,car,0.65,3159,"(551, 283, 632, 322)"
191,0:06,Objeto,car,0.65,3735,"(88, 308, 171, 353)"
191,0:06,Objeto,truck,0.4,6324,"(461, 176, 563, 238)"
192,0:06,Objeto,car,0.69,1798,"(94, 167, 152, 198)"
192,0:06,Objeto,car,0.63,3120,"(552, 283, 632, 322)"
192,0:06,Objeto,car,0.62,3735,"(78, 305, 161, 350)"
193,0:06,Objeto,car,0.69,3520,"(68, 303, 148, 347)"
193,0:06,Objeto,car,0.67,1680,"(96, 167, 152, 197)"
193,0:06,Objeto,car,0.63,3120,"(552, 283, 632, 322)"
193,0:06,Objeto,car,0.5,2808,"(675, 386, 747, 425)"
194,0:06,Objeto,car,0.78,3483,"(58, 301, 139, 344)"
194,0:06,Objeto,car,0.68,3120,"(552, 283, 632, 322)"
194,0:06,Objeto,car,0.67,1736,"(96, 167, 152, 198)"
194,0:06,Objeto,car,0.58,2840,"(665, 383, 736, 423)"
194,0:06,Objeto,truck,0.35,6324,"(461, 176, 563, 238)"
195,0:06,Objeto,car,0.76,3318,"(50, 299, 129, 341)"
195,0:06,Objeto,car,0.66,1767,"(96, 167, 153, 198)"
195,0:06,Objeto,car,0.66,3081,"(553, 283, 632, 322)"
195,0:06,Objeto,car,0.6,2698,"(655, 382, 726, 420)"
195,0:06,Objeto,car,0.51,2370,"(622, 449, 701, 479)"
195,0:06,Objeto,truck,0.35,6324,"(461, 176, 563, 238)"
196,0:06,Objeto,car,0.76,3440,"(38, 296, 118, 339)"
196,0:06,Objeto,car,0.68,3120,"(552, 283, 632, 322)"
196,0:06,Objeto,car,0.63,1736,"(96, 167, 152, 198)"
196,0:06,Objeto,car,0.62,2698,"(646, 379, 717, 417)"
196,0:06,Objeto,car,0.55,2640,"(610, 445, 690, 478)"
196,0:06,Fuego,fire,0.2,936,"(32, 462, 84, 480)"
197,0:06,Objeto,car,0.76,3234,"(30, 293, 107, 335)"
197,0:06,Objeto,car,0.64,1767,"(96, 167, 153, 198)"
197,0:06,Objeto,car,0.63,3081,"(553, 283, 632, 322)"
197,0:06,Fuego,fire,0.27,672,"(44, 464, 86, 480)"
197,0:06,Fuego,fire,0.23,4840,"(145, 425, 233, 480)"
198,0:06,Objeto,car,0.71,3397,"(20, 290, 99, 333)"
198,0:06,Objeto,car,0.64,1740,"(95, 167, 153, 197)"
198,0:06,Objeto,car,0.63,2964,"(554, 283, 632, 321)"
198,0:06,Fuego,fire,0.2,442,"(56, 466, 90, 479)"
199,0:06,Objeto,car,0.74,3311,"(11, 288, 88, 331)"
199,0:06,Objeto,car,0.68,2964,"(554, 283, 632, 321)"
199,0:06,Objeto,car,0.61,1767,"(96, 167, 153, 198)"
199,0:06,Objeto,car,0.52,2574,"(617, 371, 683, 410)"
199,0:06,Objeto,car,0.51,3116,"(569, 434, 645, 475)"
200,0:06,Objeto,car,0.67,2926,"(555, 283, 632, 321)"
200,0:06,Objeto,car,0.65,1653,"(97, 168, 154, 197)"
200,0:06,Objeto,car,0.61,3040,"(556, 431, 632, 471)"
200,0:06,Objeto,car,0.52,3300,"(4, 284, 79, 328)"
200,0:06,Objeto,car,0.5,2508,"(610, 369, 676, 407)"
201,0:06,Objeto,car,0.84,3000,"(543, 428, 618, 468)"
201,0:06,Objeto,car,0.7,2888,"(556, 283, 632, 321)"
201,0:06,Objeto,car,0.69,3036,"(0, 280, 69, 324)"
201,0:06,Objeto,car,0.67,2584,"(597, 367, 665, 405)"
201,0:06,Objeto,car,0.66,1596,"(97, 168, 154, 196)"
201,0:06,Fuego,fire,0.22,476,"(489, 409, 523, 423)"
202,0:06,Objeto,car,0.79,3075,"(529, 424, 604, 465)"
202,0:06,Objeto,car,0.69,2926,"(555, 283, 632, 321)"
202,0:06,Objeto,car,0.62,2419,"(0, 280, 59, 321)"
202,0:06,Objeto,car,0.62,1653,"(96, 168, 153, 197)"
202,0:06,Objeto,car,0.61,2691,"(588, 364, 657, 403)"
203,0:06,Objeto,car,0.87,3000,"(516, 421, 591, 461)"
203,0:06,Objeto,car,0.72,2926,"(555, 283, 632, 321)"
203,0:06,Objeto,car,0.71,2613,"(580, 362, 647, 401)"
203,0:06,Objeto,car,0.65,2058,"(0, 277, 49, 319)"
203,0:06,Objeto,car,0.62,1767,"(96, 167, 153, 198)"
203,0:06,Objeto,truck,0.38,2989,"(346, 178, 407, 227)"
204,0:06,Objeto,car,0.89,3108,"(504, 416, 578, 458)"
204,0:06,Objeto,car,0.76,2652,"(569, 359, 637, 398)"
204,0:06,Objeto,car,0.71,2926,"(555, 283, 632, 321)"
204,0:06,Objeto,car,0.63,1824,"(96, 167, 153, 199)"
204,0:06,Objeto,car,0.56,1521,"(0, 278, 39, 317)"
204,0:06,Objeto,truck,0.37,3000,"(347, 177, 407, 227)"
205,0:06,Objeto,car,0.71,2926,"(555, 283, 632, 321)"
205,0:06,Objeto,car,0.71,3034,"(490, 413, 564, 454)"
205,0:06,Objeto,car,0.69,2546,"(561, 357, 628, 395)"
205,0:06,Objeto,car,0.6,1824,"(96, 167, 153, 199)"
205,0:06,Objeto,truck,0.38,2726,"(349, 180, 407, 227)"
206,0:06,Objeto,car,0.74,2920,"(478, 410, 551, 450)"
206,0:06,Objeto,car,0.71,2888,"(556, 283, 632, 321)"
206,0:06,Objeto,car,0.62,1824,"(96, 167, 153, 199)"
206,0:06,Objeto,car,0.5,2584,"(550, 355, 618, 393)"
206,0:06,Objeto,truck,0.37,2736,"(350, 178, 407, 226)"
207,0:06,Objeto,car,0.78,2993,"(464, 406, 537, 447)"
207,0:06,Objeto,car,0.72,2926,"(555, 283, 632, 321)"
207,0:06,Objeto,car,0.63,1881,"(95, 167, 152, 200)"
207,0:06,Objeto,truck,0.4,3172,"(347, 174, 408, 226)"
208,0:06,Objeto,car,0.86,3108,"(451, 402, 525, 444)"
208,0:06,Objeto,car,0.76,2964,"(554, 283, 632, 321)"
208,0:06,Objeto,car,0.66,1824,"(95, 167, 152, 199)"
208,0:06,Objeto,car,0.66,2652,"(531, 350, 599, 389)"
208,0:06,Objeto,truck,0.4,3294,"(347, 172, 408, 226)"
209,0:06,Objeto,car,0.81,2920,"(437, 399, 510, 439)"
209,0:06,Objeto,car,0.76,3002,"(553, 283, 632, 321)"
209,0:06,Objeto,car,0.67,1824,"(95, 167, 152, 199)"
209,0:06,Objeto,car,0.64,2652,"(522, 347, 590, 386)"
209,0:06,Objeto,truck,0.44,3402,"(345, 172, 408, 226)"
210,0:07,Objeto,car,0.82,3024,"(426, 394, 498, 436)"
210,0:07,Objeto,car,0.75,2960,"(552, 284, 632, 321)"
210,0:07,Objeto,car,0.68,1767,"(95, 167, 152, 198)"
210,0:07,Objeto,car,0.58,2340,"(514, 346, 579, 382)"
210,0:07,Objeto,truck,0.45,3528,"(345, 170, 408, 226)"
211,0:07,Objeto,car,0.71,2923,"(553, 284, 632, 321)"
211,0:07,Objeto,car,0.63,1767,"(95, 167, 152, 198)"
211,0:07,Objeto,car,0.52,2880,"(413, 392, 485, 432)"
211,0:07,Objeto,truck,0.39,3465,"(344, 171, 407, 226)"
212,0:07,Objeto,car,0.78,2847,"(399, 389, 472, 428)"
212,0:07,Objeto,car,0.73,3040,"(552, 283, 632, 321)"
212,0:07,Objeto,car,0.6,1740,"(95, 168, 153, 198)"
212,0:07,Objeto,car,0.54,2622,"(493, 340, 562, 378)"
212,0:07,Objeto,car,0.39,2576,"(795, 415, 851, 461)"
213,0:07,Objeto,car,0.8,2880,"(388, 385, 460, 425)"
213,0:07,Objeto,car,0.71,2652,"(484, 337, 552, 376)"
213,0:07,Objeto,car,0.7,2964,"(553, 283, 631, 321)"
213,0:07,Objeto,car,0.56,1740,"(95, 168, 153, 198)"
213,0:07,Objeto,car,0.53,3036,"(785, 414, 851, 460)"
213,0:07,Objeto,truck,0.35,3224,"(345, 174, 407, 226)"
214,0:07,Objeto,car,0.83,2840,"(376, 381, 447, 421)"
214,0:07,Objeto,car,0.73,2546,"(476, 335, 543, 373)"
214,0:07,Objeto,car,0.72,3002,"(552, 283, 631, 321)"
214,0:07,Objeto,car,0.59,1710,"(95, 168, 152, 198)"
214,0:07,Objeto,truck,0.45,3584,"(343, 170, 407, 226)"
214,0:07,Objeto,car,0.36,3876,"(775, 409, 851, 460)"
215,0:07,Objeto,car,0.8,2808,"(363, 379, 435, 418)"
215,0:07,Objeto,car,0.73,2613,"(468, 333, 535, 372)"
215,0:07,Objeto,car,0.69,3002,"(552, 283, 631, 321)"
215,0:07,Objeto,car,0.59,1539,"(95, 169, 152, 196)"
215,0:07,Objeto,truck,0.49,3640,"(343, 170, 408, 226)"
215,0:07,Objeto,car,0.41,4472,"(765, 406, 851, 458)"
216,0:07,Objeto,car,0.75,2800,"(351, 375, 421, 415)"
216,0:07,Objeto,car,0.67,2691,"(457, 331, 526, 370)"
216,0:07,Objeto,car,0.67,3040,"(552, 283, 632, 321)"
216,0:07,Objeto,car,0.6,1740,"(95, 168, 153, 198)"
216,0:07,Objeto,car,0.48,5130,"(756, 404, 851, 458)"
216,0:07,Objeto,truck,0.38,3705,"(343, 169, 408, 226)"
217,0:07,Objeto,car,0.69,2769,"(339, 372, 410, 411)"
217,0:07,Objeto,car,0.66,3040,"(552, 283, 632, 321)"
217,0:07,Objeto,car,0.57,2652,"(448, 327, 516, 366)"
217,0:07,Objeto,car,0.53,1596,"(96, 168, 153, 196)"
217,0:07,Objeto,car,0.51,5356,"(746, 402, 849, 454)"
218,0:07,Objeto,car,0.76,2808,"(327, 368, 399, 407)"
218,0:07,Objeto,car,0.59,3002,"(553, 283, 632, 321)"
218,0:07,Objeto,car,0.56,1482,"(96, 169, 153, 195)"
218,0:07,Objeto,car,0.54,5353,"(737, 400, 838, 453)"
218,0:07,Objeto,car,0.36,2546,"(439, 326, 506, 364)"
219,0:07,Objeto,car,0.78,2880,"(314, 364, 386, 404)"
219,0:07,Objeto,car,0.61,5200,"(728, 397, 828, 449)"
219,0:07,Objeto,car,0.6,1653,"(96, 168, 153, 197)"
219,0:07,Objeto,car,0.59,2964,"(554, 283, 632, 321)"
219,0:07,Objeto,car,0.57,2442,"(431, 324, 497, 361)"
219,0:07,Objeto,truck,0.38,6344,"(463, 177, 567, 238)"
220,0:07,Objeto,car,0.8,2660,"(303, 362, 373, 400)"
220,0:07,Objeto,car,0.62,5512,"(716, 395, 820, 448)"
220,0:07,Objeto,car,0.6,3002,"(554, 283, 633, 321)"
220,0:07,Objeto,car,0.59,1425,"(96, 169, 153, 194)"
220,0:07,Objeto,car,0.55,2405,"(423, 321, 488, 358)"
220,0:07,Objeto,car,0.38,2088,"(350, 190, 408, 226)"
